Entity,Country,Risk_Level,Recommended_Scope,Audit_Instruction
USA_Sub,USA,Low,Full Scope,"For USA_Sub in USA, perform full scope audit procedures. The component should be audited comprehensively, including financial statements, key balances, revenue, expenses, assets, liabilities, and internal controls."
Germany_Sub,Germany,Low,Full Scope,"For Germany_Sub in Germany, perform full scope audit procedures. The component should be audited comprehensively, including financial statements, key balances, revenue, expenses, assets, liabilities, and internal controls."
Japan_Sub,Japan,Low,Analytical Procedures,"For Japan_Sub in Japan, perform analytical procedures only. Review financial trends, compare current results with prior periods, and investigate any unusual fluctuations."
Brazil_Sub,Brazil,High,Specific Procedures,"For Brazil_Sub in Brazil, perform specific audit procedures focused on high-risk areas. Pay special attention to significant account balances, unusual transactions, management estimates, and areas with increased risk."
India_Sub,India,High,Specific Procedures,"For India_Sub in India, perform specific audit procedures focused on high-risk areas. Pay special attention to significant account balances, unusual transactions, management estimates, and areas with increased risk."
France_Sub,France,Medium,Analytical Procedures,"For France_Sub in France, perform analytical procedures only. Review financial trends, compare current results with prior periods, and investigate any unusual fluctuations."
Australia_Sub,Australia,Low,Analytical Procedures,"For Australia_Sub in Australia, perform analytical procedures only. Review financial trends, compare current results with prior periods, and investigate any unusual fluctuations."
Mexico_Sub,Mexico,Medium,Analytical Procedures,"For Mexico_Sub in Mexico, perform analytical procedures only. Review financial trends, compare current results with prior periods, and investigate any unusual fluctuations."
Canada_Sub,Canada,Low,Analytical Procedures,"For Canada_Sub in Canada, perform analytical procedures only. Review financial trends, compare current results with prior periods, and investigate any unusual fluctuations."
SouthAfrica_Sub,South Africa,High,Specific Procedures,"For SouthAfrica_Sub in South Africa, perform specific audit procedures focused on high-risk areas. Pay special attention to significant account balances, unusual transactions, management estimates, and areas with increased risk."
